{"cameraMode":{"drawMode":0,"name":"Shaded","section":"Shading Mode"},"sceneLighting":true,"audioPlay":false,"sceneViewState":{"showFog":true,"showMaterialUpdate":false,"showSkybox":true,"showFlares":true,"showImageEffects":true,"showParticleSystems":true},"in2DMode":false,"pivot":{"x":101.50056457519531,"y":1.2717528343200684,"z":100.0},"rotation":{"x":0.0001711085787974298,"y":0.9954514503479004,"z":-0.09525328129529953,"w":0.0017887543654069305},"size":2.0916669368743898,"orthographic":true}