{"cameraMode":{"drawMode":0,"name":"Shaded","section":"Shading Mode"},"sceneLighting":true,"audioPlay":false,"sceneViewState":{"showFog":true,"showMaterialUpdate":false,"showSkybox":true,"showFlares":true,"showImageEffects":true,"showParticleSystems":true},"in2DMode":false,"pivot":{"x":100.00056457519531,"y":0.8154119849205017,"z":99.888916015625},"rotation":{"x":0.10541566461324692,"y":0.36114487051963808,"z":-0.04112955182790756,"w":0.9256188869476318},"size":3.2342841625213625,"orthographic":true}