{"cameraMode":{"drawMode":0,"name":"Shaded","section":"Shading Mode"},"sceneLighting":true,"audioPlay":false,"sceneViewState":{"showFog":true,"showMaterialUpdate":false,"showSkybox":true,"showFlares":true,"showImageEffects":true,"showParticleSystems":true},"in2DMode":false,"pivot":{"x":101.50056457519531,"y":1.2717528343200684,"z":100.0},"rotation":{"x":-0.16985492408275605,"y":0.4550354480743408,"z":-0.0888807401061058,"w":-0.8695932030677795},"size":4.2702765464782719,"orthographic":true}